"","Modnames","K","AICc","Delta_AICc","ModelLik","AICcWt","LL","Cum.Wt"
"2","Era + Size",5,-235.95777265278,0,1,0.408254150121604,123.180228608269,0.408254150121604
"3","Size",4,-235.576775746006,0.380996906773191,0.826547036076793,0.337441257749062,121.921721206336,0.745695407870666
"1","Era x Size",6,-235.011058318278,0.946714334501024,0.622907549264559,0.254304592129334,123.789312942923,1
"4","Era",4,19.9992970531709,255.95706970595,2.6280190637625e-56,1.07289968937973e-56,-5.8663151932521,1
"5","Null model",3,27.4521326137281,263.409905266508,6.32799069743877e-58,2.58342846416028e-58,-10.6465961081885,1
