"","Modnames","K","AICc","Delta_AICc","ModelLik","AICcWt","LL","Cum.Wt"
"2","Era + Size",5,-226.780339658477,0,1,0.376165641603153,118.598503162572,0.376165641603153
"3","Size",4,-226.449966192132,0.330373466345009,0.847735388988406,0.318888926508522,117.362914130549,0.695054568111675
"1","Era x Size",6,-226.360546190873,0.419793467603398,0.810667956245818,0.304945431888325,119.473979389143,1
"4","Era",4,-13.5374929376103,213.242846720866,4.95340892011998e-47,1.86330224455971e-47,10.9066775032879,1
"5","Null model",3,-7.44485602634905,219.335483632127,2.35453356822567e-48,8.85694630367769e-49,6.80461979399644,1
