"","Modnames","K","AICc","Delta_AICc","ModelLik","AICcWt","LL","Cum.Wt"
"2","Era + Size",5,-226.606135111169,0,1,0.40029706342873,118.512857765375,0.40029706342873
"3","Size",4,-226.29381678498,0.312318326189143,0.855423027759009,0.342423326001244,117.285797281379,0.742720389429975
"1","Era x Size",6,-225.722048195772,0.88408691539712,0.642721703642555,0.257279610570025,119.156798745774,1
"4","Era",4,-19.0028879800298,207.60324713114,8.30859658685006e-46,3.32590681493005e-46,13.6403328789038,1
"5","Null model",3,-13.3275398207,213.278595290469,4.86565686724866e-47,1.94770815561147e-47,9.74652853103968,1
