"","Modnames","K","AICc","Delta_AICc","ModelLik","AICcWt","LL","Cum.Wt"
"3","Size",3,184.222200750396,0,1,0.513426404180845,-89.0547623470289,0.513426404180845
"1","Era x Size",5,186.035918743177,1.81371799278102,0.403790541787436,0.207316725912158,-87.8757792768017,0.720743130093003
"2","Era + Size",4,186.284366821596,2.06216607119993,0.356620518624382,0.183098390534424,-89.0478437881563,0.903841520627427
"5","Null model",2,188.237129900003,4.01492914960684,0.134328823959941,0.068967965063594,-92.0905275668237,0.972809485691021
"4","Era",3,190.098677797022,5.87647704662652,0.0529589325511228,0.0271905143089788,-91.9930008703421,1
