"","Modnames","K","AICc","Delta_AICc","ModelLik","AICcWt","LL","Cum.Wt"
"3","Size",3,184.222200750396,0,1,0.513426404007776,-89.0547623470291,0.513426404007776
"1","Era x Size",5,186.035918739924,1.81371798952821,0.403790542444163,0.207316726179456,-87.8757792751755,0.720743130187231
"2","Era + Size",4,186.284366821596,2.06216607119941,0.356620518624473,0.183098390472751,-89.0478437881563,0.903841520659982
"5","Null model",2,188.237129900003,4.01492914960639,0.134328823959971,0.0689679650403616,-92.0905275668237,0.972809485700344
"4","Era",3,190.098677797034,5.87647704663809,0.0529589325508165,0.027190514299656,-91.9930008703481,1
